province;red;green;blue;x;x
1;92;35;58;Province0001;x
2;99;35;17;Province0002;x
3;107;38;6;Province0003;x
4;102;59;44;Province0004;x
5;104;61;4;Province0005;x
6;122;61;26;Province0006;x
7;96;39;14;Province0007;x
8;77;42;61;Province0008;x
9;76;48;24;Province0009;x
10;123;41;14;Province0010;x
11;134;42;34;Province0011;x
12;85;39;30;Province0012;x
13;109;70;36;Province0013;x
14;89;56;11;Province0014;x
15;146;51;177;Province0015;x
16;101;50;12;Province0016;x
17;104;86;10;Province0017;x
18;79;26;7;Province0018;x
19;92;29;18;Province0019;x
20;94;86;25;Province0020;x
21;96;77;51;Province0021;x
22;100;53;31;Province0022;x
23;149;57;160;Province0023;x
24;111;76;27;Province0024;x
25;122;29;40;Province0025;x
26;104;67;17;Province0026;x
27;169;44;174;Province0027;x
28;88;39;47;Province0028;x
29;103;45;45;Province0029;x
30;110;33;55;Province0030;x
31;117;47;39;Province0031;x
32;85;78;12;Province0032;x
33;182;54;154;Province0033;x
34;93;74;12;Province0034;x
35;102;67;61;Province0035;x
36;119;43;61;Province0036;x
37;104;70;54;Province0037;x
38;92;60;36;Province0038;x
39;202;38;152;Province0039;x
40;95;81;11;Province0040;x
41;83;36;15;Province0041;x
42;120;59;35;Province0042;x
43;117;35;6;Province0043;x
44;122;57;53;Province0044;x
45;73;67;18;Province0045;x
46;75;58;14;Province0046;x
47;129;83;33;Province0047;x
48;147;5;165;Province0048;x
49;117;60;44;Province0049;x
50;84;45;32;Province0050;x
51;43;192;169;Province0051;x
52;118;56;42;Province0052;x
53;109;76;51;Province0053;x
54;88;34;8;Province0054;x
55;97;77;27;Province0055;x
56;98;53;42;Province0056;x
57;120;29;61;Province0057;x
58;81;86;49;Province0058;x
59;114;79;51;Province0059;x
60;187;15;205;Province0060;x
61;94;43;22;Province0061;x
62;116;78;9;Province0062;x
63;122;58;55;Province0063;x
64;100;49;13;Province0064;x
65;156;43;158;Province0065;x
66;204;123;28;Province0066;x
67;114;28;4;Province0067;x
68;105;86;46;Province0068;x
69;134;77;38;Province0069;x
70;191;31;206;Province0070;x
71;106;58;9;Province0071;x
72;133;78;18;Province0072;x
73;82;85;55;Province0073;x
74;131;54;41;Province0074;x
75;128;78;39;Province0075;x
76;81;80;17;Province0076;x
77;90;34;30;Province0077;x
78;110;83;10;Province0078;x
79;117;32;42;Province0079;x
80;127;76;26;Province0080;x
81;50;170;171;Province0081;x
82;128;25;22;Province0082;x
83;18;161;163;Province0083;x
84;135;62;26;Province0084;x
85;194;56;165;Province0085;x
86;75;78;24;Province0086;x
87;102;80;49;Province0087;x
88;99;83;23;Province0088;x
89;116;65;53;Province0089;x
90;78;75;50;Province0090;x
91;192;33;159;Province0091;x
92;205;104;5;Province0092;x
93;129;31;39;Province0093;x
94;117;79;28;Province0094;x
95;117;70;10;Province0095;x
96;100;42;13;Province0096;x
97;97;86;0;Province0097;x
98;106;78;49;Province0098;x
99;99;27;0;Province0099;x
100;116;77;61;Province0100;x
101;108;59;18;Province0101;x
102;91;34;22;Province0102;x
103;96;31;27;Province0103;x
104;135;66;18;Province0104;x
105;95;84;45;Province0105;x
106;87;74;31;Province0106;x
107;124;32;20;Province0107;x
108;122;51;43;Province0108;x
109;107;77;49;Province0109;x
110;91;32;27;Province0110;x
111;149;112;29;Province0111;x
112;162;63;173;Province0112;x
113;91;80;33;Province0113;x
114;203;154;33;Province0114;x
115;165;129;50;Province0115;x
116;134;39;33;Province0116;x
117;56;156;192;Province0117;x
118;118;82;1;Province0118;x
119;76;67;17;Province0119;x
120;86;59;13;Province0120;x
121;123;82;19;Province0121;x
122;98;71;34;Province0122;x
123;97;40;29;Province0123;x
124;102;87;59;Province0124;x
125;114;79;1;Province0125;x
126;178;135;37;Province0126;x
127;103;51;2;Province0127;x
128;82;44;29;Province0128;x
129;112;51;6;Province0129;x
130;166;108;26;Province0130;x
131;48;152;158;Province0131;x
132;128;35;59;Province0132;x
133;122;83;50;Province0133;x
134;129;73;4;Province0134;x
135;133;54;42;Province0135;x
136;131;57;52;Province0136;x
137;123;39;4;Province0137;x
138;154;60;154;Province0138;x
139;124;63;16;Province0139;x
140;120;53;34;Province0140;x
141;206;103;39;Province0141;x
142;108;35;52;Province0142;x
143;157;132;2;Province0143;x
144;128;27;63;Province0144;x
145;125;35;20;Province0145;x
146;121;43;49;Province0146;x
147;122;59;11;Province0147;x
148;73;83;41;Province0148;x
149;158;99;47;Province0149;x
150;78;47;33;Province0150;x
151;127;46;52;Province0151;x
152;185;139;39;Province0152;x
153;118;37;53;Province0153;x
154;131;78;45;Province0154;x
155;125;53;22;Province0155;x
156;192;154;1;Province0156;x
157;107;37;20;Province0157;x
158;125;32;59;Province0158;x
159;40;170;181;Province0159;x
160;132;27;23;Province0160;x
161;134;81;5;Province0161;x
162;155;35;192;Province0162;x
163;87;46;50;Province0163;x
164;78;81;19;Province0164;x
165;202;155;0;Province0165;x
166;110;81;20;Province0166;x
167;131;68;16;Province0167;x
168;115;60;24;Province0168;x
169;96;70;58;Province0169;x
170;87;41;42;Province0170;x
171;186;137;32;Province0171;x
172;147;40;160;Province0172;x
173;83;67;52;Province0173;x
174;110;36;53;Province0174;x
175;86;64;43;Province0175;x
176;126;43;26;Province0176;x
177;73;37;37;Province0177;x
178;89;69;27;Province0178;x
179;186;125;10;Province0179;x
180;115;47;34;Province0180;x
181;117;52;19;Province0181;x
182;168;155;27;Province0182;x
183;174;26;175;Province0183;x
184;86;33;2;Province0184;x
185;132;35;26;Province0185;x
186;127;37;23;Province0186;x
187;88;36;29;Province0187;x
188;162;105;59;Province0188;x
189;178;147;23;Province0189;x
190;131;62;51;Province0190;x
191;104;70;19;Province0191;x
192;126;61;55;Province0192;x
193;86;68;9;Province0193;x
194;150;107;26;Province0194;x
195;12;170;185;Province0195;x
196;103;36;32;Province0196;x
197;79;25;15;Province0197;x
198;92;76;42;Province0198;x
199;146;149;46;Province0199;x
200;60;174;192;Province0200;x
201;162;109;1;Province0201;x
202;126;69;62;Province0202;x
203;11;167;206;Province0203;x
204;108;32;29;Province0204;x
205;129;38;33;Province0205;x
206;134;43;20;Province0206;x
207;184;121;57;Province0207;x
208;91;32;22;Province0208;x
209;163;61;166;Province0209;x
210;96;26;39;Province0210;x
211;135;58;7;Province0211;x
212;122;39;32;Province0212;x
213;84;78;25;Province0213;x
214;79;56;2;Province0214;x
215;163;98;56;Province0215;x
216;105;82;29;Province0216;x
217;21;155;192;Province0217;x
218;117;55;12;Province0218;x
219;189;124;46;Province0219;x
220;174;31;196;Province0220;x
221;176;119;8;Province0221;x
222;177;130;12;Province0222;x
223;134;30;13;Province0223;x
224;13;148;205;Province0224;x
225;125;80;54;Province0225;x
226;164;126;22;Province0226;x
227;84;77;46;Province0227;x
228;105;62;25;Province0228;x
229;132;33;47;Province0229;x
230;47;205;198;Province0230;x
231;159;109;19;Province0231;x
232;54;156;181;Province0232;x
233;122;79;26;Province0233;x
234;156;29;165;Province0234;x
235;172;60;158;Province0235;x
236;169;119;52;Province0236;x
237;86;52;22;Province0237;x
238;195;136;11;Province0238;x
239;154;132;33;Province0239;x
240;55;153;170;Province0240;x
241;22;206;192;Province0241;x
242;94;83;36;Province0242;x
243;115;72;35;Province0243;x
244;104;55;9;Province0244;x
245;127;40;36;Province0245;x
246;91;75;16;Province0246;x
247;74;46;3;Province0247;x
248;61;204;156;Province0248;x
249;147;140;55;Province0249;x
250;169;158;55;Province0250;x
251;88;60;37;Province0251;x
252;73;34;19;Province0252;x
253;168;133;0;Province0253;x
254;199;55;192;Province0254;x
255;93;36;6;Province0255;x
256;165;151;40;Province0256;x
257;182;155;19;Province0257;x
258;96;70;29;Province0258;x
259;181;139;48;Province0259;x
260;159;111;6;Province0260;x
261;146;153;41;Province0261;x
262;189;143;46;Province0262;x
263;17;207;196;Province0263;x
264;52;146;166;Province0264;x
265;12;149;207;Province0265;x
266;101;32;44;Province0266;x
267;123;50;37;Province0267;x
268;133;72;56;Province0268;x
269;181;112;54;Province0269;x
270;205;144;36;Province0270;x
271;115;45;10;Province0271;x
272;125;25;10;Province0272;x
273;184;9;168;Province0273;x
274;203;126;15;Province0274;x
275;79;47;51;Province0275;x
276;55;181;171;Province0276;x
277;88;52;1;Province0277;x
278;113;37;48;Province0278;x
279;4;163;169;Province0279;x
280;117;53;58;Province0280;x
281;179;122;45;Province0281;x
282;110;68;44;Province0282;x
283;89;32;13;Province0283;x
284;168;37;174;Province0284;x
285;179;44;165;Province0285;x
286;167;122;62;Province0286;x
287;95;62;3;Province0287;x
288;184;133;55;Province0288;x
289;75;64;23;Province0289;x
290;188;47;162;Province0290;x
291;32;151;205;Province0291;x
292;196;116;12;Province0292;x
293;132;85;63;Province0293;x
294;176;135;40;Province0294;x
295;160;102;50;Province0295;x
296;39;205;178;Province0296;x
297;135;39;23;Province0297;x
298;178;99;49;Province0298;x
299;180;115;43;Province0299;x
300;200;148;21;Province0300;x
301;95;37;6;Province0301;x
302;184;109;11;Province0302;x
303;31;152;201;Province0303;x
304;82;35;26;Province0304;x
305;0;191;181;Province0305;x
306;74;80;15;Province0306;x
307;158;146;63;Province0307;x
308;30;154;196;Province0308;x
309;76;63;48;Province0309;x
310;162;159;25;Province0310;x
311;102;52;56;Province0311;x
312;2;163;207;Province0312;x
313;207;99;20;Province0313;x
314;175;149;41;Province0314;x
315;146;139;1;Province0315;x
316;177;41;155;Province0316;x
317;169;58;156;Province0317;x
318;203;133;39;Province0318;x
319;120;66;23;Province0319;x
320;132;77;5;Province0320;x
321;29;160;163;Province0321;x
322;77;75;58;Province0322;x
323;148;134;9;Province0323;x
324;105;82;63;Province0324;x
325;102;70;9;Province0325;x
326;117;39;53;Province0326;x
327;41;150;194;Province0327;x
328;125;31;62;Province0328;x
329;97;29;0;Province0329;x
330;104;68;53;Province0330;x
331;103;74;62;Province0331;x
332;122;53;25;Province0332;x
333;188;125;46;Province0333;x
334;75;43;51;Province0334;x
335;129;74;11;Province0335;x
336;128;27;34;Province0336;x
337;145;131;13;Province0337;x
338;174;54;195;Province0338;x
339;195;148;17;Province0339;x
340;174;159;59;Province0340;x
341;188;104;8;Province0341;x
342;174;137;49;Province0342;x
343;63;161;185;Province0343;x
344;44;181;206;Province0344;x
345;196;152;0;Province0345;x
346;27;176;172;Province0346;x
347;41;155;178;Province0347;x
348;205;11;187;Province0348;x
349;157;122;29;Province0349;x
350;155;126;29;Province0350;x
351;196;150;31;Province0351;x
352;1;179;187;Province0352;x
353;77;80;36;Province0353;x
354;124;87;24;Province0354;x
355;41;154;156;Province0355;x
356;42;146;163;Province0356;x
357;133;40;23;Province0357;x
358;153;105;18;Province0358;x
359;34;186;153;Province0359;x
360;96;59;38;Province0360;x
361;207;97;44;Province0361;x
362;129;71;8;Province0362;x
363;207;9;190;Province0363;x
364;171;130;34;Province0364;x
365;165;125;59;Province0365;x
366;40;166;156;Province0366;x
367;125;87;3;Province0367;x
368;131;36;24;Province0368;x
369;126;65;39;Province0369;x
370;135;73;18;Province0370;x
371;151;3;161;Province0371;x
372;186;101;12;Province0372;x
373;113;59;33;Province0373;x
374;194;136;16;Province0374;x
375;20;177;183;Province0375;x
376;118;63;21;Province0376;x
377;180;110;56;Province0377;x
378;164;132;62;Province0378;x
379;150;114;14;Province0379;x
380;147;131;23;Province0380;x
381;19;164;153;Province0381;x
382;169;54;161;Province0382;x
383;160;107;25;Province0383;x
384;96;53;51;Province0384;x
385;94;32;58;Province0385;x
386;53;187;147;Province0386;x
387;47;195;168;Province0387;x
388;204;143;8;Province0388;x
389;147;128;42;Province0389;x
390;207;119;48;Province0390;x
391;132;27;43;Province0391;x
392;98;51;18;Province0392;x
393;194;154;3;Province0393;x
394;47;199;171;Province0394;x
395;87;36;4;Province0395;x
396;147;144;26;Province0396;x
397;63;169;149;Province0397;x
398;158;147;7;Province0398;x
399;147;148;38;Province0399;x
400;129;34;4;Province0400;x
401;155;155;51;Province0401;x
402;122;46;47;Province0402;x
403;177;29;193;Province0403;x
404;4;206;197;Province0404;x
405;172;0;167;Province0405;x
406;31;154;207;Province0406;x
407;121;83;35;Province0407;x
408;27;155;183;Province0408;x
409;130;38;38;Province0409;x
410;192;154;4;Province0410;x
411;35;158;148;Province0411;x
412;99;74;62;Province0412;x
413;171;111;50;Province0413;x
414;145;150;58;Province0414;x
415;161;157;9;Province0415;x
416;20;197;186;Province0416;x
417;115;86;45;Province0417;x
418;5;155;165;Province0418;x
419;190;31;176;Province0419;x
420;81;74;1;Province0420;x
421;37;182;202;Province0421;x
422;99;62;59;Province0422;x
423;185;0;204;Province0423;x
424;172;107;62;Province0424;x
425;165;103;34;Province0425;x
426;155;111;48;Province0426;x
427;183;113;33;Province0427;x
428;155;139;2;Province0428;x
429;194;135;12;Province0429;x
430;178;101;46;Province0430;x
431;11;188;178;Province0431;x
432;94;37;20;Province0432;x
433;187;112;52;Province0433;x
434;122;59;46;Province0434;x
435;114;49;49;Province0435;x
436;184;131;13;Province0436;x
437;34;187;164;Province0437;x
438;149;122;26;Province0438;x
439;148;111;25;Province0439;x
440;38;190;182;Province0440;x
441;10;152;170;Province0441;x
442;196;150;20;Province0442;x
443;152;137;47;Province0443;x
444;129;61;46;Province0444;x
445;16;188;172;Province0445;x
446;164;32;204;Province0446;x
447;81;86;42;Province0447;x
448;157;124;38;Province0448;x
449;169;156;28;Province0449;x
450;17;197;190;Province0450;x
451;74;87;50;Province0451;x
452;121;45;17;Province0452;x
453;53;188;158;Province0453;x
454;87;50;5;Province0454;x
455;146;143;35;Province0455;x
456;39;121;13;Province0456;x
457;156;28;177;Province0457;x
458;155;155;37;Province0458;x
459;34;156;180;Province0459;x
460;22;149;161;Province0460;x
461;148;122;1;Province0461;x
462;4;154;153;Province0462;x
463;172;22;159;Province0463;x
464;151;25;201;Province0464;x
465;159;135;39;Province0465;x
466;189;45;176;Province0466;x
467;191;139;37;Province0467;x
468;4;193;158;Province0468;x
469;126;60;49;Province0469;x
470;150;156;50;Province0470;x
471;166;110;38;Province0471;x
472;206;111;57;Province0472;x
473;44;167;168;Province0473;x
474;57;192;162;Province0474;x
475;35;207;191;Province0475;x
476;21;200;204;Province0476;x
477;175;105;33;Province0477;x
478;161;150;13;Province0478;x
479;42;173;195;Province0479;x
480;74;70;63;Province0480;x
481;116;54;40;Province0481;x
482;196;115;2;Province0482;x
483;43;138;19;Province0483;x
484;168;156;37;Province0484;x
485;128;73;30;Province0485;x
486;192;49;192;Province0486;x
487;169;114;48;Province0487;x
488;31;175;41;Province0488;x
489;192;153;37;Province0489;x
490;34;201;206;Province0490;x
491;27;192;178;Province0491;x
492;23;173;171;Province0492;x
493;14;197;150;Province0493;x
494;151;148;9;Province0494;x
495;158;127;55;Province0495;x
496;150;63;167;Province0496;x
497;5;195;195;Province0497;x
498;202;53;163;Province0498;x
499;61;146;170;Province0499;x
500;157;54;152;Province0500;x
501;150;45;186;Province0501;x
502;163;119;12;Province0502;x
503;37;138;59;Province0503;x
504;149;101;49;Province0504;x
505;52;162;199;Province0505;x
506;123;28;60;Province0506;x
507;172;144;4;Province0507;x
508;145;129;62;Province0508;x
509;41;182;19;Province0509;x
510;191;98;54;Province0510;x
511;9;194;188;Province0511;x
512;19;148;50;Province0512;x
513;164;133;56;Province0513;x
514;62;200;202;Province0514;x
515;56;145;175;Province0515;x
516;112;78;1;Province0516;x
517;164;153;17;Province0517;x
518;16;196;194;Province0518;x
519;17;122;24;Province0519;x
520;192;118;6;Province0520;x
521;8;133;26;Province0521;x
522;12;199;158;Province0522;x
523;200;111;51;Province0523;x
524;41;203;164;Province0524;x
525;12;158;155;Province0525;x
526;201;63;179;Province0526;x
527;161;105;56;Province0527;x
528;5;147;202;Province0528;x
529;31;149;145;Province0529;x
530;205;115;0;Province0530;x
531;29;192;202;Province0531;x
532;165;43;179;Province0532;x
533;188;18;161;Province0533;x
534;206;104;37;Province0534;x
535;154;99;34;Province0535;x
536;3;153;150;Province0536;x
537;203;158;29;Province0537;x
538;155;122;22;Province0538;x
539;31;147;52;Province0539;x
540;7;133;7;Province0540;x
541;195;155;16;Province0541;x
542;195;146;30;Province0542;x
543;33;132;10;Province0543;x
544;204;107;53;Province0544;x
545;201;143;10;Province0545;x
546;169;29;173;Province0546;x
547;56;167;148;Province0547;x
548;8;177;149;Province0548;x
549;9;155;0;Province0549;x
550;159;58;186;Province0550;x
551;161;134;58;Province0551;x
552;169;158;39;Province0552;x
553;21;192;168;Province0553;x
554;40;192;182;Province0554;x
555;11;158;160;Province0555;x
556;52;142;20;Province0556;x
557;191;121;61;Province0557;x
558;167;15;156;Province0558;x
559;48;163;37;Province0559;x
560;0;162;195;Province0560;x
561;23;154;158;Province0561;x
562;206;135;2;Province0562;x
563;14;160;22;Province0563;x
564;204;125;42;Province0564;x
565;196;17;183;Province0565;x
566;180;49;160;Province0566;x
567;180;121;6;Province0567;x
568;2;163;186;Province0568;x
569;197;117;46;Province0569;x
570;148;103;35;Province0570;x
571;159;114;31;Province0571;x
572;32;185;145;Province0572;x
573;60;189;207;Province0573;x
574;183;115;44;Province0574;x
575;42;191;195;Province0575;x
576;191;128;6;Province0576;x
577;9;148;172;Province0577;x
578;41;141;20;Province0578;x
579;160;62;147;Province0579;x
580;3;163;145;Province0580;x
581;5;143;10;Province0581;x
582;158;154;53;Province0582;x
583;200;56;199;Province0583;x
584;147;151;55;Province0584;x
585;194;159;56;Province0585;x
586;46;129;28;Province0586;x
587;63;193;189;Province0587;x
588;189;124;62;Province0588;x
589;15;181;206;Province0589;x
590;45;189;192;Province0590;x
591;206;156;11;Province0591;x
592;166;9;189;Province0592;x
593;25;156;33;Province0593;x
594;33;167;22;Province0594;x
595;174;101;42;Province0595;x
596;192;128;50;Province0596;x
597;192;12;197;Province0597;x
598;28;167;171;Province0598;x
599;39;153;23;Province0599;x
600;38;146;192;Province0600;x
601;163;19;188;Province0601;x
602;197;145;49;Province0602;x
603;49;192;198;Province0603;x
604;192;100;11;Province0604;x
605;201;145;14;Province0605;x
606;146;56;190;Province0606;x
607;153;133;47;Province0607;x
608;189;104;22;Province0608;x
609;197;131;25;Province0609;x
610;21;178;204;Province0610;x
611;158;119;10;Province0611;x
612;169;129;37;Province0612;x
613;53;147;206;Province0613;x
614;46;187;193;Province0614;x
615;193;117;26;Province0615;x
616;38;145;56;Province0616;x
617;3;161;42;Province0617;x
618;186;12;176;Province0618;x
619;26;194;151;Province0619;x
620;27;181;180;Province0620;x
621;197;21;190;Province0621;x
622;185;101;31;Province0622;x
623;62;181;201;Province0623;x
624;189;14;169;Province0624;x
625;162;102;6;Province0625;x
626;191;112;60;Province0626;x
627;7;176;205;Province0627;x
628;49;175;150;Province0628;x
629;23;160;207;Province0629;x
630;152;159;10;Province0630;x
631;45;151;58;Province0631;x
632;174;120;54;Province0632;x
633;53;161;13;Province0633;x
634;168;118;52;Province0634;x
635;206;47;203;Province0635;x
636;22;176;55;Province0636;x
637;179;133;7;Province0637;x
638;1;177;167;Province0638;x
639;207;33;154;Province0639;x
640;150;120;58;Province0640;x
641;158;0;188;Province0641;x
642;154;120;63;Province0642;x
643;24;165;171;Province0643;x
644;151;52;200;Province0644;x
645;56;180;163;Province0645;x
646;34;171;47;Province0646;x
647;13;176;162;Province0647;x
648;152;113;60;Province0648;x
649;47;159;26;Province0649;x
650;159;38;166;Province0650;x
651;154;126;28;Province0651;x
652;194;128;63;Province0652;x
653;174;146;5;Province0653;x
654;171;102;24;Province0654;x
655;39;185;173;Province0655;x
656;201;146;49;Province0656;x
657;160;136;19;Province0657;x
658;32;145;166;Province0658;x
659;41;148;164;Province0659;x
660;59;167;35;Province0660;x
661;61;176;207;Province0661;x
662;172;54;180;Province0662;x
663;24;177;6;Province0663;x
664;30;150;193;Province0664;x
665;207;37;196;Province0665;x
666;162;103;51;Province0666;x
667;192;130;22;Province0667;x
668;19;190;149;Province0668;x
669;4;196;191;Province0669;x
670;205;1;161;Province0670;x
671;63;187;188;Province0671;x
672;18;180;54;Province0672;x
673;189;42;149;Province0673;x
674;169;4;150;Province0674;x
675;183;149;54;Province0675;x
676;57;148;25;Province0676;x
677;22;177;186;Province0677;x
678;149;51;157;Province0678;x
679;192;157;49;Province0679;x
680;198;152;43;Province0680;x
681;49;192;192;Province0681;x
682;22;181;19;Province0682;x
683;207;115;19;Province0683;x
684;202;123;10;Province0684;x
685;28;154;150;Province0685;x
686;41;182;24;Province0686;x
687;53;158;43;Province0687;x
688;147;42;154;Province0688;x
689;200;103;15;Province0689;x
690;11;154;178;Province0690;x
691;151;129;37;Province0691;x
692;183;62;165;Province0692;x
693;163;31;196;Province0693;x
694;165;113;2;Province0694;x
695;156;49;167;Province0695;x
696;203;99;55;Province0696;x
697;29;145;190;Province0697;x
698;45;165;147;Province0698;x
699;192;38;195;Province0699;x
700;200;123;55;Province0700;x
701;186;103;60;Province0701;x
702;17;146;168;Province0702;x
703;55;177;168;Province0703;x
704;15;199;161;Province0704;x
705;49;150;7;Province0705;x
706;40;175;54;Province0706;x
707;11;206;192;Province0707;x
708;203;108;30;Province0708;x
709;16;200;185;Province0709;x
710;155;111;15;Province0710;x
711;154;18;163;Province0711;x
712;188;52;178;Province0712;x
713;53;135;16;Province0713;x
714;197;116;29;Province0714;x
715;182;3;172;Province0715;x
716;156;19;162;Province0716;x
717;19;146;44;Province0717;x
718;199;120;1;Province0718;x
719;9;161;179;Province0719;x
720;203;25;182;Province0720;x
721;153;148;23;Province0721;x
722;20;123;3;Province0722;x
723;170;123;49;Province0723;x
724;45;150;151;Province0724;x
725;61;151;149;Province0725;x
726;180;7;151;Province0726;x
727;44;195;185;Province0727;x
728;203;156;37;Province0728;x
729;195;141;62;Province0729;x
730;149;144;9;Province0730;x
731;3;201;195;Province0731;x
732;182;47;145;Province0732;x
733;164;147;26;Province0733;x
734;168;141;35;Province0734;x
735;150;105;39;Province0735;x
736;197;45;200;Province0736;x
737;7;146;60;Province0737;x
738;42;155;152;Province0738;x
739;16;164;204;Province0739;x
740;200;22;203;Province0740;x
741;56;175;30;Province0741;x
742;2;135;27;Province0742;x
743;43;146;53;Province0743;x
744;190;36;171;Province0744;x
745;149;156;58;Province0745;x
746;162;57;202;Province0746;x
747;24;161;188;Province0747;x
748;166;32;180;Province0748;x
749;184;115;2;Province0749;x
750;188;121;18;Province0750;x
751;25;169;158;Province0751;x
752;197;128;44;Province0752;x
753;32;202;176;Province0753;x
754;46;169;25;Province0754;x
755;197;124;24;Province0755;x
756;53;165;206;Province0756;x
757;57;175;183;Province0757;x
758;197;35;152;Province0758;x
759;201;146;11;Province0759;x
760;162;10;161;Province0760;x
761;162;100;8;Province0761;x
762;17;190;186;Province0762;x
763;33;141;52;Province0763;x
764;176;149;44;Province0764;x
765;2;154;198;Province0765;x
766;198;11;187;Province0766;x
767;187;146;35;Province0767;x
768;199;106;62;Province0768;x
769;148;112;21;Province0769;x
770;41;128;24;Province0770;x
771;177;119;19;Province0771;x
772;23;207;200;Province0772;x
773;177;8;203;Province0773;x
774;178;23;193;Province0774;x
775;27;153;200;Province0775;x
776;6;190;183;Province0776;x
777;149;109;46;Province0777;x
778;29;142;27;Province0778;x
779;54;162;7;Province0779;x
780;198;33;158;Province0780;x
781;167;136;54;Province0781;x
782;62;179;42;Province0782;x
783;195;103;40;Province0783;x
784;20;156;185;Province0784;x
785;46;155;205;Province0785;x
786;196;45;179;Province0786;x
787;203;104;13;Province0787;x
788;48;187;173;Province0788;x
789;156;120;36;Province0789;x
790;160;149;35;Province0790;x
791;191;114;36;Province0791;x
792;164;159;8;Province0792;x
793;53;192;201;Province0793;x
794;4;154;173;Province0794;x
795;202;126;26;Province0795;x
796;188;118;42;Province0796;x
797;12;160;41;Province0797;x
798;54;196;184;Province0798;x
799;163;33;178;Province0799;x
800;63;157;21;Province0800;x
801;6;140;4;Province0801;x
802;186;114;38;Province0802;x
803;148;24;192;Province0803;x
804;176;125;59;Province0804;x
805;18;158;169;Province0805;x
806;178;136;2;Province0806;x
807;151;159;38;Province0807;x
808;157;7;200;Province0808;x
809;149;135;38;Province0809;x
810;191;51;151;Province0810;x
811;207;7;175;Province0811;x
812;188;10;182;Province0812;x
813;168;48;151;Province0813;x
814;179;21;172;Province0814;x
815;10;203;150;Province0815;x
816;29;124;14;Province0816;x
817;172;1;152;Province0817;x
818;155;121;56;Province0818;x
819;28;192;161;Province0819;x
820;5;152;35;Province0820;x
821;6;192;187;Province0821;x
822;42;177;165;Province0822;x
823;200;131;53;Province0823;x
824;158;1;188;Province0824;x
825;37;207;156;Province0825;x
826;40;152;201;Province0826;x
827;185;33;199;Province0827;x
828;151;33;177;Province0828;x
829;146;36;181;Province0829;x
830;45;127;0;Province0830;x
831;50;140;63;Province0831;x
832;3;155;192;Province0832;x
833;207;140;29;Province0833;x
834;158;42;153;Province0834;x
835;183;128;9;Province0835;x
836;38;150;178;Province0836;x
837;176;11;154;Province0837;x
838;190;46;157;Province0838;x
839;204;117;6;Province0839;x
840;58;174;207;Province0840;x
841;171;127;33;Province0841;x
842;54;163;35;Province0842;x
843;149;47;195;Province0843;x
844;145;49;185;Province0844;x
845;151;12;200;Province0845;x
846;193;11;167;Province0846;x
847;172;149;11;Province0847;x
848;161;24;180;Province0848;x
849;156;150;61;Province0849;x
850;165;40;165;Province0850;x
851;185;35;203;Province0851;x
852;14;171;177;Province0852;x
853;178;32;178;Province0853;x
854;197;47;173;Province0854;x
855;204;51;151;Province0855;x
856;33;169;4;Province0856;x
857;165;43;166;Province0857;x
858;177;31;202;Province0858;x
859;179;35;204;Province0859;x
860;34;190;158;Province0860;x
861;187;63;199;Province0861;x
862;201;30;188;Province0862;x
863;186;110;32;Province0863;x
864;186;100;32;Province0864;x
865;47;187;157;Province0865;x
866;23;146;207;Province0866;x
867;200;55;199;Province0867;x
868;176;19;181;Province0868;x
869;201;35;156;Province0869;x
870;36;154;16;Province0870;x
871;59;180;153;Province0871;x
872;166;104;17;Province0872;x
873;16;123;56;Province0873;x
874;204;116;6;Province0874;x
875;179;12;163;Province0875;x
876;31;197;183;Province0876;x
877;184;46;186;Province0877;x
878;192;23;168;Province0878;x
879;172;40;145;Province0879;x
880;21;166;184;Province0880;x
881;196;124;8;Province0881;x
882;55;178;39;Province0882;x
883;200;0;182;Province0883;x
884;186;30;170;Province0884;x
885;165;134;35;Province0885;x
886;162;7;202;Province0886;x
887;186;38;158;Province0887;x
888;196;43;207;Province0888;x
889;165;105;47;Province0889;x
890;190;55;171;Province0890;x
891;146;158;55;Province0891;x
892;199;1;145;Province0892;x
893;155;144;34;Province0893;x
894;12;184;192;Province0894;x
895;146;60;151;Province0895;x
896;57;201;162;Province0896;x
897;152;15;173;Province0897;x
898;199;14;167;Province0898;x
899;21;136;9;Province0899;x
900;186;54;163;Province0900;x
901;176;33;193;Province0901;x
902;33;181;18;Province0902;x
903;13;193;204;Province0903;x
904;180;9;180;Province0904;x
905;38;165;155;Province0905;x
906;192;3;172;Province0906;x
907;22;139;33;Province0907;x
908;186;150;61;Province0908;x
909;51;161;39;Province0909;x
910;180;29;194;Province0910;x
911;198;133;39;Province0911;x
912;197;43;162;Province0912;x
913;58;192;153;Province0913;x
914;192;0;145;Province0914;x
915;170;39;153;Province0915;x
916;161;125;11;Province0916;x
917;163;19;196;Province0917;x
918;190;25;200;Province0918;x
919;175;33;196;Province0919;x
920;193;14;192;Province0920;x
921;34;197;172;Province0921;x
922;151;143;61;Province0922;x
923;27;160;185;Province0923;x
924;40;166;172;Province0924;x
925;202;58;201;Province0925;x
926;147;57;193;Province0926;x
927;49;182;192;Province0927;x
928;177;126;12;Province0928;x
929;12;130;5;Province0929;x
930;176;7;161;Province0930;x
931;207;50;152;Province0931;x
932;54;136;28;Province0932;x
933;25;140;54;Province0933;x
934;177;60;183;Province0934;x
935;194;36;168;Province0935;x
936;196;34;167;Province0936;x
937;169;3;193;Province0937;x
938;7;187;160;Province0938;x
939;169;54;196;Province0939;x
940;174;21;183;Province0940;x
941;202;107;22;Province0941;x
942;43;139;38;Province0942;x
943;182;22;187;Province0943;x
944;184;32;179;Province0944;x
945;181;4;189;Province0945;x
946;196;50;150;Province0946;x
947;21;191;153;Province0947;x
948;11;182;203;Province0948;x
949;156;47;166;Province0949;x
950;187;46;145;Province0950;x
951;174;105;35;Province0951;x
952;17;143;24;Province0952;x
953;54;178;160;Province0953;x
954;146;61;193;Province0954;x
955;37;196;180;Province0955;x
956;46;170;181;Province0956;x
957;157;19;165;Province0957;x
958;16;149;161;Province0958;x
959;201;39;160;Province0959;x
960;150;49;161;Province0960;x
961;23;180;27;Province0961;x
962;199;29;184;Province0962;x
963;185;8;192;Province0963;x
964;0;184;183;Province0964;x
965;148;57;155;Province0965;x
966;182;141;24;Province0966;x
967;179;2;158;Province0967;x
968;55;174;13;Province0968;x
969;3;175;15;Province0969;x
970;54;192;176;Province0970;x
971;155;52;201;Province0971;x
972;17;157;164;Province0972;x
973;165;12;196;Province0973;x
974;204;49;206;Province0974;x
975;155;99;22;Province0975;x
976;41;151;0;Province0976;x
977;175;6;181;Province0977;x
978;188;126;58;Province0978;x
979;207;145;55;Province0979;x
980;42;168;169;Province0980;x
981;63;189;178;Province0981;x
982;18;148;155;Province0982;x
983;166;13;182;Province0983;x
984;148;106;24;Province0984;x
985;188;36;206;Province0985;x
986;153;24;192;Province0986;x
987;47;173;206;Province0987;x
988;176;24;192;Province0988;x
989;10;171;166;Province0989;x
990;57;136;20;Province0990;x
991;155;7;160;Province0991;x
992;187;12;197;Province0992;x
993;26;145;55;Province0993;x
994;166;11;172;Province0994;x
995;162;36;162;Province0995;x
996;162;139;51;Province0996;x
997;186;58;204;Province0997;x
998;147;20;169;Province0998;x
999;166;12;202;Province0999;x
1000;179;154;28;Province1000;x
1001;15;191;180;Province1001;x
1002;37;162;32;Province1002;x
1003;199;36;192;Province1003;x
1004;62;160;166;Province1004;x
1005;26;167;172;Province1005;x
1006;174;3;157;Province1006;x
1007;180;135;37;Province1007;x
1008;191;6;181;Province1008;x
1009;153;35;169;Province1009;x
1010;192;53;166;Province1010;x
1011;174;38;202;Province1011;x
1012;162;146;41;Province1012;x
1013;179;44;204;Province1013;x
1014;30;193;162;Province1014;x
1015;193;6;163;Province1015;x
1016;165;46;168;Province1016;x
1017;52;152;62;Province1017;x
1018;185;53;152;Province1018;x
1019;36;179;169;Province1019;x
1020;61;178;162;Province1020;x
1021;198;32;199;Province1021;x
1022;174;8;187;Province1022;x
1023;62;166;179;Province1023;x
1024;177;63;183;Province1024;x
1025;205;7;151;Province1025;x
1026;155;54;166;Province1026;x
1027;193;44;194;Province1027;x
1028;164;62;175;Province1028;x
1029;196;54;197;Province1029;x
1030;173;29;205;Province1030;x
1031;179;28;167;Province1031;x
1032;188;60;145;Province1032;x
1033;190;43;196;Province1033;x
1034;151;31;187;Province1034;x
1035;181;35;201;Province1035;x
1036;166;7;177;Province1036;x
1037;207;9;179;Province1037;x
1038;206;47;188;Province1038;x
1039;154;33;174;Province1039;x
1040;168;118;26;Province1040;x
1041;171;62;203;Province1041;x
1042;177;60;185;Province1042;x
1043;22;156;194;Province1043;x
1044;172;39;158;Province1044;x
1045;159;19;163;Province1045;x
1046;157;36;172;Province1046;x
1047;205;30;166;Province1047;x
1048;50;173;154;Province1048;x
1049;181;55;197;Province1049;x
1050;180;17;197;Province1050;x
1051;185;0;183;Province1051;x
1052;167;3;175;Province1052;x
1053;183;1;198;Province1053;x
1054;162;29;192;Province1054;x
1055;179;26;189;Province1055;x
1056;157;3;180;Province1056;x
1057;5;180;168;Province1057;x
1058;147;32;160;Province1058;x
1059;191;5;145;Province1059;x
1060;57;171;178;Province1060;x
1061;179;125;56;Province1061;x
1062;164;25;168;Province1062;x
1063;187;27;207;Province1063;x
1064;158;50;186;Province1064;x
1065;182;51;153;Province1065;x
1066;197;27;152;Province1066;x
1067;187;5;186;Province1067;x
1068;192;15;164;Province1068;x
1069;183;34;147;Province1069;x
1070;164;38;166;Province1070;x
1071;147;36;203;Province1071;x
1072;145;29;160;Province1072;x
1073;167;43;180;Province1073;x
1074;156;0;171;Province1074;x
1075;197;32;206;Province1075;x
1076;146;5;160;Province1076;x
1077;155;38;180;Province1077;x
1078;150;42;170;Province1078;x
1079;175;15;197;Province1079;x
1080;59;163;146;Province1080;x
1081;145;19;172;Province1081;x
1082;170;14;192;Province1082;x
1083;200;9;168;Province1083;x
1084;54;174;149;Province1084;x
1085;189;4;202;Province1085;x
1086;154;45;165;Province1086;x
1087;159;23;192;Province1087;x
1088;198;54;172;Province1088;x
1089;184;35;172;Province1089;x
1090;191;28;172;Province1090;x
1091;194;4;189;Province1091;x
1092;167;23;204;Province1092;x
1093;186;23;159;Province1093;x
1094;168;8;161;Province1094;x
1095;175;30;164;Province1095;x
1096;195;24;192;Province1096;x
1097;184;16;201;Province1097;x
1098;42;176;196;Province1098;x
1099;206;14;165;Province1099;x
1100;173;37;168;Province1100;x
1101;158;23;154;Province1101;x
1102;180;5;188;Province1102;x
1103;169;13;189;Province1103;x
1104;151;1;199;Province1104;x
1105;173;29;185;Province1105;x
1106;205;48;148;Province1106;x
1107;172;51;146;Province1107;x
1108;29;150;184;Province1108;x
1109;166;8;154;Province1109;x
1110;167;48;204;Province1110;x
1111;171;33;162;Province1111;x
1112;185;57;159;Province1112;x
1113;147;31;185;Province1113;x
1114;182;55;149;Province1114;x
1115;187;56;190;Province1115;x
1116;155;27;179;Province1116;x
1117;164;6;147;Province1117;x
1118;158;23;168;Province1118;x
1119;192;43;162;Province1119;x
1120;170;63;174;Province1120;x
1121;186;3;190;Province1121;x
1122;188;49;185;Province1122;x
1123;193;5;162;Province1123;x
1124;51;156;164;Province1124;x
1125;147;0;168;Province1125;x
1126;183;9;156;Province1126;x
1127;203;1;196;Province1127;x
1128;200;26;171;Province1128;x
1129;186;16;155;Province1129;x
1130;152;25;187;Province1130;x
1131;171;27;206;Province1131;x
1132;158;32;183;Province1132;x
1133;171;47;205;Province1133;x
1134;203;14;170;Province1134;x
1135;161;3;153;Province1135;x
1136;163;0;190;Province1136;x
1137;182;24;150;Province1137;x
1138;158;45;161;Province1138;x
1139;186;53;191;Province1139;x
1140;190;41;200;Province1140;x
1141;191;40;195;Province1141;x
1142;167;15;177;Province1142;x
1143;200;44;206;Province1143;x
1144;156;44;188;Province1144;x
1145;200;2;190;Province1145;x
1146;171;13;198;Province1146;x
1147;159;51;196;Province1147;x
1148;206;36;162;Province1148;x
1149;177;47;177;Province1149;x
1150;168;16;151;Province1150;x
1151;154;7;160;Province1151;x
1152;174;7;145;Province1152;x
1153;62;28;243;;x
1154;35;125;242;;x
1155;62;5;237;;x
1156;3;57;191;;x
1157;53;18;221;;x
1158;6;32;153;;x
1159;58;60;228;;x
1160;51;33;131;;x
1161;53;19;229;;x
1162;56;56;254;;x
1163;30;96;180;;x
1164;28;114;242;;x
1165;54;115;208;;x
1166;28;82;143;;x
1167;21;113;205;;x
1168;34;120;171;;x
1169;46;4;238;;x
1170;15;43;142;;x
1171;55;15;188;;x
1172;59;118;166;;x
1173;0;28;226;;x
1174;36;64;141;;x
1175;60;82;133;;x
1176;44;79;140;;x
1177;10;25;154;;x
1178;49;5;226;;x
1179;49;10;205;;x
1180;24;8;165;;x
1181;30;23;177;;x
1182;25;30;245;;x
1183;14;100;228;;x
1184;58;96;180;;x
1185;10;19;213;;x
1186;13;85;131;;x
1187;32;51;203;;x
1188;58;28;182;;x
1189;38;113;228;;x
1190;2;30;171;;x
1191;53;21;224;;x
1192;17;81;198;;x
1193;11;63;150;;x
1194;37;122;198;;x
1195;9;92;224;;x
1196;0;23;149;;x
1197;12;118;167;;x
1198;38;50;128;;x
1199;24;101;133;;x
1200;9;67;238;;x
1201;27;109;176;;x
1202;60;107;186;;x
1203;4;11;190;;x
1204;30;100;201;;x
1205;32;73;148;;x
1206;19;105;166;;x
1207;24;12;192;;x
1208;57;62;208;;x
1209;39;17;178;;x
1210;28;1;186;;x
1211;4;3;182;;x
1212;31;20;155;;x
1213;38;7;249;;x
1214;13;123;142;;x
1215;29;41;247;;x
1216;45;30;174;;x
1217;2;107;178;;x
1218;42;15;182;;x
1219;15;38;186;;x
1220;59;87;222;;x
1221;54;106;246;;x
1222;3;121;200;;x
1223;30;40;205;;x
1224;10;103;144;;x
1225;40;25;157;;x
1226;22;26;220;;x
1227;62;108;193;;x
